time,amplitude
1551435974.015,1657
1551435974.065,1718
1551435974.115,1707
1551435974.1650002,1699
1551435974.2150002,1678
1551435974.265,1697
1551435974.315,1687
1551435974.365,1668
1551435974.4150002,1733
1551435974.4650002,1678
